,bias,lower_limit,upper_limit,range_
absolute_step_length,0.021365016939167834,-0.018799520096158956,0.061529553974494625,0.08032907407065358
stance_percentage,0.13470260450213536,0.07211740414158099,0.19728780486268974,0.12517040072110874
stance_percentage_double,0.45677532770675,0.1940616584890184,0.7194889969244815,0.5254273384354631
step_length,0.013665904050614743,-0.02697638642461555,0.05430819452584503,0.08128458095046058
stride_length,0.002748208918822988,-0.03780854011962712,0.04330495795727309,0.08111349807690021
stride_time,-0.18153253710757827,-0.305990232036343,-0.05707484217881352,0.24891538985752948
stride_velocity,0.16056849283718888,0.016097644223719842,0.3050393414506579,0.2889416972269381
stride_width,0.4141335949917816,-0.31580083683030113,1.1440680268138643,1.4598688636441655
