,bias,lower_limit,upper_limit,range_
absolute_step_length,0.023035220484266594,-0.01392783450920352,0.05999827547773671,0.07392610998694023
stance_percentage,0.12805600734986944,0.05381423001209634,0.20229778468764253,0.1484835546755462
stance_percentage_double,0.433274551547543,0.1205743027117856,0.7459748003833004,0.6254004976715148
step_length,0.014920775862409084,-0.02568659135503233,0.0555281430798505,0.08121473443488283
stride_length,0.0030929414719668103,-0.03742477191343515,0.043610654857368765,0.08103542677080391
stride_time,-0.1772362266188228,-0.3152541201686202,-0.03921833306902539,0.2760357870995948
stride_velocity,0.16653199076955363,0.0163801460622168,0.3166838354768905,0.30030368941467367
stride_width,0.42073396965530885,-0.30637203225264786,1.1478399715632657,1.4542120038159134
