,absolute_step_length,stance_percentage,stance_percentage_double,step_length,stride_length,stride_time,stride_velocity,stride_width
pearson,0.9900036044244945,0.7386321499877205,0.6957962366054656,0.9896140021876775,0.9946692360108393,0.9591162454682457,0.9641793481300306,0.8637397040218582
spearman,0.9170152821651155,0.7402774813233725,0.658783351720877,0.9264919320413215,0.9779731921796294,0.7110655379403454,0.8920003415008965,0.709211986681465
abs_rel_error,0.024627892524057025,0.13367998417381516,0.5723519421795638,0.019822177433963774,0.01603003596487791,0.16241278699016024,0.1866518702665538,0.6756277727719128
bias,0.02324694879296574,0.12367112265819907,0.4284462777040157,0.015124116640020361,0.003266187419275095,-0.17896628880944554,0.16768249143974506,0.39760026339646287
range,0.07318945060316452,0.1598815371934646,0.610816492854014,0.07988844564580345,0.08066248731659036,0.27061258331804583,0.29602414245618613,1.366376319353489
