,absolute_step_length,stance_percentage,stance_percentage_double,step_length,stride_length,stride_time,stride_velocity,stride_width
pearson,0.9911987824995564,0.7165271942575457,0.6655293702764412,0.9898629528209811,0.9938511461959095,0.962572307856935,0.9648639484086783,0.8709327105385571
spearman,0.9374199607273969,0.7319259751075059,0.6151120603256943,0.9381883377443865,0.9717408008196021,0.7050066316773567,0.8852556987962094,0.7058823529411764
abs_rel_error,0.02454715656376055,0.13349987338250377,0.571841662071913,0.01931125357542255,0.01586906517661958,0.16425319156468948,0.1878443740527701,0.6731109546777414
bias,0.022964244714592925,0.12157342861816592,0.42355266474496767,0.014001187646995344,0.0018046516096251696,-0.18096085054790992,0.16872295129002257,0.39572580312130917
range,0.07055791689912652,0.1687675456284426,0.6974788988637002,0.08011052773277488,0.08148603751928749,0.2592856581585659,0.29386778716344764,1.3667430453788
