,stance_percentage,stance_percentage_double,step_length,stride_length,stride_time,stride_velocity,stride_width
pearson,0.7546570398432899,0.7939875902548587,0.9651575200494465,0.9586542999058748,0.93519270404276,0.9513153714432382,0.719276678027804
spearman,0.7520703491846665,0.7411423204985913,0.9099291385639886,0.8422265858447878,0.6637069922308546,0.8054298642533936,0.5308631435157517
abs_rel_error,0.12496026761399924,0.519277516990815,0.03116677447495175,0.04735682289180113,0.1850129735650446,0.19390649112138275,0.5562525526265835
bias,0.11601403209571645,0.3994194078650362,-0.010516716353125026,-0.028232667604084383,-0.20707482143146924,0.172919882197091,0.3026855650083473
range,0.17252130345673172,0.5598478137275268,0.19137898025185363,0.22151087028674354,0.3299514304695227,0.33015093507461596,1.4462429733657372
