,stance_percentage,step_length,stride_length,stride_time,stride_velocity,stride_width
pearson,0.8292373631096077,0.9830265364765863,0.9772694656911737,0.9215504181685462,0.9500223417753713,0.8968767418162953
spearman,0.8222487834030564,0.9177836591821054,0.904806625117391,0.6029163897342426,0.8085887475454622,0.7673525143003499
abs_rel_error,0.053828790169185875,0.029097027720752625,0.02635637014033397,0.18666032028436777,0.234474246912429,1.6062060980477058
bias,0.037351999557709,0.024866806319607613,0.01853500373641875,-0.20960642124546794,0.20588450879078407,1.3045412937198937
range,0.20903483468451223,0.10700549554665151,0.1248321060903077,0.35967661921427496,0.3322247052151335,22.660782579904385
