,stance_percentage,step_length,stride_length,stride_time,stride_velocity,stride_width
pearson,0.7994558659374761,0.9832616888294604,0.9798439642855018,0.9361670995083261,0.9542777806395171,0.9033908061510086
spearman,0.753436352770426,0.9175275335097753,0.9117220182702979,0.6668018939322551,0.8363356953812003,0.8109792538205413
abs_rel_error,0.0774036425634875,0.09833789661460884,0.10427137886081433,0.16872172837871433,0.08656040312503044,1.4589309768834782
bias,0.05275385550197638,-0.10359891041660313,-0.11049976378203115,-0.18729420748818792,0.05498801237673682,5.368362205103346
range,0.28873024206004533,0.1045976524099116,0.1269039060593405,0.3220507874723413,0.32936652537713085,138.46792509406575
