,stance_percentage_L,stance_percentage_R,step_length_L,step_length_R,stride_length_L,stride_length_R,stride_time_L,stride_time_R,stride_velocity_L,stride_velocity_R,stride_width_L,stride_width_R
pearson,0.695806983256344,0.6224483166396495,0.9403617353689068,0.930138465485942,0.984688735718641,0.9677347750743394,0.8809197353318095,0.9378127931615888,0.9229228860949201,0.9596006270354064,0.873995498236567,0.8945425419741587
spearman,0.6244343891402715,0.7129684965423034,0.8363356953812003,0.8607530094766499,0.9199180397848544,0.8686260700789756,0.6055856944479456,0.6987632480869661,0.8020148552889951,0.8613506360454195,0.7494237172372578,0.7705113975924187
abs_rel_error,0.0903639814500888,0.07582842318442569,0.04462454737364953,0.0496401327406769,0.02829052851094151,0.029536620602019083,0.17401503252043754,0.20005303568760002,0.2194140364436617,0.26453779538469846,3.200160711121439,3.13722323461089
bias,0.03886410367579504,0.021500548315680063,0.02299076058361859,0.025005441800419043,0.023720033021661306,0.017088479250632563,-0.19454454265898638,-0.22577055593246895,0.19173813276614585,0.2295633905029852,-0.0287339781114093,0.9110767457419443
range,0.3683759837771202,0.35327742649738025,0.20080675822795832,0.2312792910868754,0.10834801155246877,0.1417404764250992,0.43390406708633933,0.34846577190648015,0.40122722381600423,0.3362002771611695,16.126798084052158,12.601830085164583
