,stance_percentage,step_length,stride_length,stride_time,stride_velocity,stride_width
pearson,0.7315808205224869,0.9202639026270543,0.968131157237978,0.9080165129309743,0.9446290203130217,0.8255489184536683
spearman,0.7167041414304312,0.8111490451296277,0.8779763095526524,0.6833583380497024,0.8340659340659341,0.7453323375653474
abs_rel_error,0.10145151463573815,0.04963690614225691,0.033850607137204156,0.1649237511980939,0.19756382428302063,2.8976535579017897
bias,0.0466903308909394,0.02480267100786351,0.016141262609011886,-0.18320872700021854,0.17521033412726472,0.2981840888127311
range,0.4130936249757842,0.2253271551889583,0.1615594161830111,0.3826215513636295,0.35693731821741204,10.472291830917433
