,stance_percentage_L,stance_percentage_R,step_length_L,step_length_R,stride_length_L,stride_length_R,stride_time_L,stride_time_R,stride_velocity_L,stride_velocity_R,stride_width_L,stride_width_R
pearson,0.6379275250078057,0.663599790360174,0.935113071365433,0.9198003954643573,0.9797995285380475,0.9649457563877534,0.911928643621271,0.9365971914536186,0.9380406339392269,0.9626445610047129,0.8754187935445843,0.8822193735910923
spearman,0.48826090668488004,0.74421582856655,0.8453854691368564,0.8521301118415435,0.9246990523350123,0.8697786602053827,0.6441649743040939,0.7200823499304513,0.8041492358917441,0.8686929053188764,0.7711943993852984,0.7797319217962947
abs_rel_error,0.10842408656746674,0.1018344821599024,0.09754653448882386,0.09181041492748349,0.09632620985907063,0.10533600305234193,0.15384281493067553,0.19096617886005157,0.08700770803004139,0.10503856659995284,3.1234463847474605,3.2820080049136187
bias,0.0560428278853348,0.050820406992641155,-0.10393526724844294,-0.09136279723068615,-0.10173896911002937,-0.1120077050416351,-0.16852904046731443,-0.2144862158287593,0.045211879297739635,0.07969984381027648,0.04438877449378319,1.162975307092086
range,0.4172131115534432,0.40526703264556224,0.21592894310109798,0.23146099250071342,0.13201341813818654,0.1645868084626041,0.37219067929207617,0.33921778735218167,0.3599832019741609,0.34315793736978345,13.97098458863882,21.12793748553934
