,step_length_L,step_length_R,stride_length_L,stride_length_R,stride_time_L,stride_time_R,stride_velocity_L,stride_velocity_R,stride_width_L,stride_width_R,stance_percentage_L,stance_percentage_R
pearson,0.9377226246551542,0.9440552809129706,0.9671408661598822,0.9720539786899537,0.9333993149208312,0.8886533982359981,0.9525166427634777,0.944730584322171,0.8286957252015975,0.8261299102410632,0.7465505422732788,0.7143820974787751
spearman,0.8517032357209937,0.8338598138820114,0.8785964313156321,0.8863418072070853,0.6730052311157041,0.6766589956949913,0.827627422521984,0.8326645607444718,0.7688892683343295,0.7125416204217536,0.7269855501004991,0.7057969777170665
abs_rel_error,0.06302725578917732,0.0362465564953365,0.02905660565704715,0.03864460861736116,0.17628517211052663,0.15356233028566113,0.21851823244367985,0.17660941612236133,2.9027400871868734,2.8925670286167056,0.10112265243685849,0.10178037683461781
bias,0.05395785699770025,-0.004352514981973249,0.015030034010821813,0.017252491207201955,-0.1968194229136124,-0.16959803108682464,0.19231885456974324,0.15810181368478618,0.014094001433091917,0.5822741761923702,0.043229185234781066,0.05015147654709773
range,0.19667875382652297,0.1929294811510481,0.14485389443439708,0.17802622940159946,0.34719367041271665,0.4114859847604645,0.36021127395250174,0.3440676388109695,13.768935549852358,5.419924787973987,0.4213930320396678,0.4082783632243452
