,stance_percentage,step_length,stride_length,stride_time,stride_velocity,stride_width
pearson,0.827890106403716,0.9853471955584573,0.9807971361985426,0.9263371126049086,0.9499560757921103,0.9077305625275746
spearman,0.7616323742849823,0.9365662084862972,0.9065995048237001,0.6173174289194043,0.8238709126611458,0.800051225134466
abs_rel_error,0.06198700357905978,0.028173275096640752,0.026312299508843288,0.18653745356069212,0.2417152514161572,1.4569666460131039
bias,0.03220518982281903,0.02393019351172339,0.02045054246662018,-0.20929510897731174,0.2114091744364357,8.475947239179517
range,0.23853317820608583,0.10112665012074346,0.11324343069845944,0.3524323464059107,0.3434330361753346,225.64125906886807
