,stance_percentage_L,stance_percentage_R,step_length_L,step_length_R,stride_length_L,stride_length_R,stride_time_L,stride_time_R,stride_velocity_L,stride_velocity_R,stride_width_L,stride_width_R
pearson,0.6874934020854981,0.6729087480366277,0.9296738664327867,0.9219267716983501,0.9805241225623966,0.963570795954675,0.908619543185334,0.933124793494176,0.9341122901881703,0.963275519080845,0.8667237000877587,0.8719138648675867
spearman,0.5796977717066506,0.7612054981644326,0.8328353111926919,0.8594723811150004,0.9229061726287031,0.863674201387745,0.6384760423922914,0.7216741644451082,0.8026124818577649,0.8760351745923333,0.7578758644241441,0.7898061982412703
abs_rel_error,0.103547480684566,0.10377248882461222,0.048916271730403,0.05150113891241272,0.029633157582022555,0.03162544883364569,0.15401125990516876,0.18942568398699924,0.1873954034238428,0.2262932571655072,3.1317520030832924,3.2960987534897113
bias,0.054883369094778194,0.061365731741331746,0.021106839759720258,0.02855752681493801,0.022001071885463082,0.011534056216642193,-0.16782610502033496,-0.21266242919196407,0.16554081834834866,0.19950145765627966,-0.3989798515088442,0.8062701634000994
range,0.3905072888584449,0.37235071130219605,0.22129463978343974,0.23325762079478207,0.127322117849972,0.17346649671370723,0.3800371999416474,0.34224778663127436,0.36790179416270496,0.32650243872320844,26.405635402971352,11.268660868967194
