,stance_percentage,step_length,stride_length,stride_time,stride_velocity,stride_width
pearson,0.8161291383325202,0.9836860469877564,0.9792202337946697,0.9416710265115259,0.9582388568327176,0.9077755346018255
spearman,0.7679501408691197,0.9165030308204559,0.9073678818406897,0.6697976316576829,0.8342013147784513,0.818577648766328
abs_rel_error,0.07699222947283403,0.09304084295351805,0.10089938249974166,0.1717044698196936,0.09020882963316144,1.4564979194337855
bias,0.055743808836373525,-0.09754389396970457,-0.1067739359651462,-0.19072782955090414,0.06312032306318245,-1.6343622493097218
range,0.2856738293753458,0.0994103283006095,0.1293744632705563,0.3140302664460277,0.3217063485418293,59.4429195765407
