,stance_percentage_L,stance_percentage_R,step_length_L,step_length_R,stride_length_L,stride_length_R,stride_time_L,stride_time_R,stride_velocity_L,stride_velocity_R,stride_width_L,stride_width_R
pearson,0.6406779744666391,0.6615760119233383,0.9308044227622989,0.930077353977927,0.9742760099154171,0.969410877831715,0.8928577631453839,0.9272277051879502,0.9341099251643323,0.9569014680900898,0.820808781509373,0.8928135516901662
spearman,0.562622726884658,0.7674378895244599,0.8009903525996755,0.8717664133868351,0.8822675659523606,0.9032891509175901,0.5791385052761692,0.6633500770128121,0.7912575770511396,0.8387262016562793,0.7227866473149492,0.7638521301118415
abs_rel_error,0.08826321635078332,0.06671849663789717,0.048559998490941246,0.050126843429292044,0.028105809312910186,0.031106137170551287,0.18067237180063772,0.19351381002444246,0.21991544525191603,0.24929986094522003,3.6605683377283347,3.3833894957268273
bias,0.048557883537785604,0.022815709406720414,0.02437659917757888,0.02552131644195114,0.021360661447828513,0.015579692868240635,-0.20224440935760393,-0.2178494303951496,0.19305791747862186,0.2180020445969542,1.818565220318549,1.0264822013692787
range,0.3377546536607535,0.31405114417703767,0.2146464054359218,0.23083903839169181,0.1315977594538129,0.14596137893103076,0.4103838275602486,0.35561350663082236,0.3750124475963534,0.31896499490526103,36.35124025321201,15.530899672371726
