,stance_percentage_L,stance_percentage_R,step_length_L,step_length_R,stride_length_L,stride_length_R,stride_time_L,stride_time_R,stride_velocity_L,stride_velocity_R,stride_width_L,stride_width_R
pearson,0.5943130968746982,0.6715962459685035,0.9250937368486722,0.918254393627992,0.9806802118582192,0.9673042658823197,0.8963207132312329,0.9405179975516302,0.9303614557870176,0.9618885967483407,0.8725474294167038,0.8861536082450889
spearman,0.4835652693588321,0.7498505933578076,0.8187483992145478,0.8503372321352343,0.9296508153333901,0.8815180040854554,0.6328976866431255,0.7341827245753256,0.8057713651498335,0.871851788610945,0.7658157602663707,0.7851959361393324
abs_rel_error,0.11037710773376644,0.0956019326171307,0.09057525744403473,0.10597169613737668,0.09942136896530268,0.10901360078174333,0.15389652778714688,0.18688783535497974,0.08883143732938326,0.09608186426649475,3.131720003565026,3.2901479003856045
bias,0.056502593025653164,0.044268944228366545,-0.09605421401707155,-0.11098510457081592,-0.10510915746616112,-0.11607038411570691,-0.16699478238622273,-0.20921041561871512,0.03676068868722893,0.07186603497097656,-0.1879787871632523,0.916571832675237
range,0.4465207191387317,0.38426239433499515,0.22811624523122323,0.24583673363493136,0.125591078005916,0.16025785201086262,0.3974199194091138,0.3240517292957483,0.38589054901362113,0.3292110191801882,20.573723756150038,14.102881319272269
