,stance_percentage,step_length,stride_length,stride_time,stride_velocity,stride_width
pearson,0.8199861145334157,0.9827175560539145,0.9780709090808773,0.9389317248830257,0.9575516055389469,0.8980324778300673
spearman,0.7778536668658754,0.9131733970801673,0.902159993169982,0.6645603472787999,0.8365918210535301,0.8038077349953042
abs_rel_error,0.07854385018863308,0.028407900113625935,0.027637248313268845,0.17051830135392995,0.2060565844275841,1.4493722207484814
bias,0.059937197531138804,0.02497454376248445,0.01687036510217891,-0.18939852974343196,0.18324510633475624,2.0752075612150747
range,0.2781544923524095,0.10351691593549714,0.13481603758946945,0.3187756770565857,0.3168899710914447,45.568501160166186
